-- phpMyAdmin SQL Dump
-- version 4.6.6
-- https://www.phpmyadmin.net/
--
-- Host: localhost
-- Generation Time: Apr 22, 2025 at 06:51 PM
-- Server version: 5.7.17-log
-- PHP Version: 7.1.1

SET SQL_MODE = "NO_AUTO_VALUE_ON_ZERO";
SET time_zone = "+00:00";


/*!40101 SET @OLD_CHARACTER_SET_CLIENT=@@CHARACTER_SET_CLIENT */;
/*!40101 SET @OLD_CHARACTER_SET_RESULTS=@@CHARACTER_SET_RESULTS */;
/*!40101 SET @OLD_COLLATION_CONNECTION=@@COLLATION_CONNECTION */;
/*!40101 SET NAMES utf8mb4 */;

--
-- Database: `almakshoof`
--

-- --------------------------------------------------------

--
-- Table structure for table `brokers`
--

CREATE TABLE `brokers` (
  `id` int(11) NOT NULL,
  `user_id` int(11) NOT NULL,
  `period` text NOT NULL,
  `commission` int(50) NOT NULL,
  `whatsapp` text NOT NULL,
  `date_created` int(50) NOT NULL,
  `status` tinyint(1) NOT NULL,
  `active` tinyint(1) NOT NULL
) ENGINE=InnoDB DEFAULT CHARSET=utf8;

--
-- Dumping data for table `brokers`
--

INSERT INTO `brokers` (`id`, `user_id`, `period`, `commission`, `whatsapp`, `date_created`, `status`, `active`) VALUES
(23, 9, '2m', 35, '9721122334455', 1737319735, 1, 1),
(24, 8, '2w', 10, '9720597224233', 1738344753, 1, 1),
(28, 16, '1m', 17, '9701231231230', 1739649186, 1, 0);

-- --------------------------------------------------------

--
-- Table structure for table `broker_sites`
--

CREATE TABLE `broker_sites` (
  `id` int(11) NOT NULL,
  `broker_id` int(11) NOT NULL,
  `site_id` int(11) NOT NULL
) ENGINE=InnoDB DEFAULT CHARSET=utf8;

--
-- Dumping data for table `broker_sites`
--

INSERT INTO `broker_sites` (`id`, `broker_id`, `site_id`) VALUES
(25, 23, 19),
(32, 23, 30),
(34, 24, 31),
(40, 24, 30),
(41, 23, 31),
(42, 28, 19),
(45, 28, 31),
(47, 23, 14);

-- --------------------------------------------------------

--
-- Table structure for table `chat`
--

CREATE TABLE `chat` (
  `id` int(11) NOT NULL,
  `message_id` int(11) NOT NULL,
  `sender` text NOT NULL,
  `receiver` text NOT NULL,
  `body_chat` varchar(500) NOT NULL,
  `date_created` timestamp(6) NOT NULL DEFAULT CURRENT_TIMESTAMP(6),
  `date_updated` timestamp(6) NOT NULL DEFAULT '0000-00-00 00:00:00.000000',
  `seen` tinyint(1) NOT NULL
) ENGINE=InnoDB DEFAULT CHARSET=utf8;

--
-- Dumping data for table `chat`
--

INSERT INTO `chat` (`id`, `message_id`, `sender`, `receiver`, `body_chat`, `date_created`, `date_updated`, `seen`) VALUES
(13, 8, 'admin', '8', 'Zbbzbsvsvsvgsz', '2025-03-14 19:05:42.151022', '0000-00-00 00:00:00.000000', 1),
(14, 8, '8', 'admin', 'Zbzbsbbsvvs', '2025-03-14 19:06:16.242898', '0000-00-00 00:00:00.000000', 1),
(15, 7, '8', 'admin', 'Zjbzbzbsbbsv', '2025-03-14 19:06:51.671150', '0000-00-00 00:00:00.000000', 1),
(16, 7, '8', 'admin', 'Dbbsbs', '2025-03-14 19:07:02.130967', '0000-00-00 00:00:00.000000', 1),
(24, 8, '8', 'admin', 'Jhjhgffgxjxjbsvzvzbbz', '2025-03-14 19:19:53.521109', '0000-00-00 00:00:00.000000', 1),
(25, 9, 'admin', '9', 'riugieguierhyguiehguierhguiheugiheruigheurihguierhguierhugiheruighuerhguierhguiheruigherughuei', '2025-03-14 19:20:45.519915', '0000-00-00 00:00:00.000000', 1),
(26, 8, '8', 'admin', 'Abcabcabcabc', '2025-03-14 19:22:11.881959', '0000-00-00 00:00:00.000000', 1),
(27, 7, '8', 'admin', 'تتال', '2025-03-14 21:22:05.944266', '0000-00-00 00:00:00.000000', 1),
(28, 7, '8', 'admin', 'ننننو', '2025-03-14 21:23:22.151560', '0000-00-00 00:00:00.000000', 1),
(29, 9, '9', 'admin', 'منتمنتةءةءىىءى', '2025-03-14 21:24:53.046718', '0000-00-00 00:00:00.000000', 1),
(30, 9, '9', 'admin', 'منتطكك', '2025-03-14 21:25:44.155821', '0000-00-00 00:00:00.000000', 1),
(31, 9, '9', 'admin', '١٢٣٤٥٦٧٨٩', '2025-03-14 21:26:16.201955', '0000-00-00 00:00:00.000000', 1),
(32, 7, '8', 'admin', 'منتتتاالبييياا', '2025-03-14 21:43:50.026742', '0000-00-00 00:00:00.000000', 1),
(33, 7, '8', 'admin', 'ڜظؤظظؤظؤزيز سزسزسزسزسززسزسزؤزؤوؤووؤوؤ', '2025-03-14 21:43:59.856861', '0000-00-00 00:00:00.000000', 1),
(34, 7, 'admin', '8', 'uihuihuihuihi', '2025-03-14 21:57:31.147260', '0000-00-00 00:00:00.000000', 1),
(35, 7, '8', 'admin', 'ويوؤوؤي', '2025-03-14 22:07:28.783053', '0000-00-00 00:00:00.000000', 1),
(36, 7, '8', 'admin', 'ننت', '2025-03-14 22:08:12.416079', '0000-00-00 00:00:00.000000', 1),
(37, 7, 'admin', '8', 'HGGGU', '2025-03-14 22:11:29.563036', '0000-00-00 00:00:00.000000', 1),
(38, 7, '8', 'admin', 'ناةا', '2025-03-14 22:11:52.940224', '0000-00-00 00:00:00.000000', 1),
(39, 7, '8', 'admin', 'الىىىاتتتوة', '2025-03-14 22:11:59.313061', '0000-00-00 00:00:00.000000', 1),
(40, 7, '8', 'admin', 'نررتتؤتويتي', '2025-03-14 22:13:13.534144', '0000-00-00 00:00:00.000000', 1),
(41, 7, 'admin', '8', 'GUGUIGUIGHUI', '2025-03-14 22:13:24.512992', '0000-00-00 00:00:00.000000', 1),
(42, 7, 'admin', '8', 'KLKL', '2025-03-14 22:13:52.174437', '0000-00-00 00:00:00.000000', 1),
(43, 7, 'admin', '8', 'HUGYUGYU', '2025-03-14 22:20:13.872117', '0000-00-00 00:00:00.000000', 1),
(44, 7, 'admin', '8', '123132165156156', '2025-03-14 22:29:35.897482', '0000-00-00 00:00:00.000000', 1),
(45, 7, '8', 'admin', 'نن', '2025-03-14 22:29:43.955310', '0000-00-00 00:00:00.000000', 1),
(46, 7, '8', 'admin', 'تتىلاا', '2025-03-15 16:16:57.510715', '0000-00-00 00:00:00.000000', 1),
(47, 7, 'admin', '8', 'oijoijio', '2025-03-15 16:17:21.002831', '0000-00-00 00:00:00.000000', 1),
(48, 7, '8', 'admin', 'تتاللل', '2025-03-15 16:18:50.773078', '0000-00-00 00:00:00.000000', 1),
(49, 7, '8', 'admin', 'قننيني', '2025-03-15 16:19:20.801538', '0000-00-00 00:00:00.000000', 1),
(50, 7, 'admin', '8', 'jkjkjkjk', '2025-03-15 16:19:28.494324', '0000-00-00 00:00:00.000000', 1),
(51, 7, 'admin', '8', 'oioio', '2025-03-15 16:21:13.535390', '0000-00-00 00:00:00.000000', 1),
(52, 7, '8', 'admin', 'نؤويوؤوؤووؤ', '2025-03-15 16:22:56.343922', '0000-00-00 00:00:00.000000', 1),
(53, 7, '8', 'admin', 'نينينيزيتيت', '2025-03-15 16:32:23.120393', '0000-00-00 00:00:00.000000', 1),
(54, 7, '8', 'admin', 'مرحبا', '2025-03-15 21:26:48.075959', '0000-00-00 00:00:00.000000', 1),
(55, 7, 'admin', '8', 'هلا مراحب', '2025-03-15 21:27:14.795967', '0000-00-00 00:00:00.000000', 1),
(56, 8, '8', 'admin', 'السلام عليكم', '2025-03-15 21:29:10.113807', '0000-00-00 00:00:00.000000', 1),
(57, 8, '8', 'admin', '؟؟', '2025-03-15 21:34:38.574480', '0000-00-00 00:00:00.000000', 1),
(58, 7, '8', 'admin', 'تفضل', '2025-03-15 21:59:31.556053', '0000-00-00 00:00:00.000000', 1),
(59, 7, '8', 'admin', '؟؟', '2025-03-15 22:00:03.865777', '0000-00-00 00:00:00.000000', 1),
(60, 7, '8', 'admin', 'نرتيةايةي', '2025-03-15 22:06:04.313688', '0000-00-00 00:00:00.000000', 1),
(61, 8, '8', 'admin', 'نييتيتتست', '2025-03-15 22:09:27.311373', '0000-00-00 00:00:00.000000', 1),
(62, 8, 'admin', '8', 'terter', '2025-03-15 22:10:10.216354', '0000-00-00 00:00:00.000000', 1),
(63, 8, '8', 'admin', 'رتتيتبتي', '2025-03-15 22:17:42.187920', '0000-00-00 00:00:00.000000', 1),
(64, 8, 'admin', '8', 'jiojiojo', '2025-03-15 22:18:02.169444', '0000-00-00 00:00:00.000000', 1),
(65, 8, 'admin', '8', 'hjghjghgj', '2025-03-15 22:30:00.079830', '0000-00-00 00:00:00.000000', 1),
(66, 8, '8', 'admin', 'بهتيتيتيتي', '2025-03-15 22:31:09.198600', '0000-00-00 00:00:00.000000', 1),
(67, 8, 'admin', '8', 'ggguygyugyugyu', '2025-03-15 22:31:20.146378', '0000-00-00 00:00:00.000000', 1),
(68, 8, '8', 'admin', 'رنينتيتيتيت', '2025-03-15 22:31:47.358668', '0000-00-00 00:00:00.000000', 1),
(69, 8, '8', 'admin', 'سنتتيتؤتؤ', '2025-03-15 22:32:37.601697', '0000-00-00 00:00:00.000000', 1),
(70, 8, 'admin', '8', 'hihoihiojiojiojoj', '2025-03-15 22:32:49.811244', '0000-00-00 00:00:00.000000', 1),
(71, 8, '8', 'admin', 'بنتؤؤتيتيت', '2025-03-15 22:34:21.196114', '0000-00-00 00:00:00.000000', 1),
(72, 8, 'admin', '8', 'huihi', '2025-03-15 22:34:30.759980', '0000-00-00 00:00:00.000000', 1),
(73, 8, 'admin', '8', '111213232133123', '2025-03-15 22:34:40.825275', '0000-00-00 00:00:00.000000', 1),
(74, 8, '8', 'admin', 'يتيتتيويت', '2025-03-15 22:34:46.577377', '0000-00-00 00:00:00.000000', 1),
(75, 8, '8', 'admin', 'بزويويويوي', '2025-03-15 22:37:22.548810', '0000-00-00 00:00:00.000000', 1),
(76, 8, 'admin', '8', 'kjjkhjkhjk', '2025-03-15 22:37:35.856802', '0000-00-00 00:00:00.000000', 1),
(77, 8, '8', 'admin', 'نتتاىلى', '2025-03-15 22:38:12.222095', '0000-00-00 00:00:00.000000', 1),
(78, 8, 'admin', '8', 'kjkhjkhjkhk', '2025-03-15 22:38:27.745911', '0000-00-00 00:00:00.000000', 1),
(79, 8, '8', 'admin', 'رووؤويوؤو', '2025-03-15 22:38:37.214735', '0000-00-00 00:00:00.000000', 1),
(80, 8, '8', 'admin', 'بززيزيو', '2025-03-15 22:38:59.938893', '0000-00-00 00:00:00.000000', 1),
(81, 8, '8', 'admin', 'تبويتيويتتسست', '2025-03-15 22:39:08.591473', '0000-00-00 00:00:00.000000', 1),
(82, 8, '8', 'admin', 'نووةة', '2025-03-15 22:39:20.508627', '0000-00-00 00:00:00.000000', 1),
(83, 8, 'admin', '8', 'mm', '2025-03-15 22:39:37.015055', '0000-00-00 00:00:00.000000', 1),
(84, 8, '8', 'admin', 'منتتت', '2025-03-15 22:40:21.415572', '0000-00-00 00:00:00.000000', 1),
(85, 8, '8', 'admin', 'توقوبتيتيتتي', '2025-03-15 22:40:50.225713', '0000-00-00 00:00:00.000000', 1),
(86, 8, '8', 'admin', 'بزرووؤوؤو', '2025-03-15 22:41:19.310533', '0000-00-00 00:00:00.000000', 1),
(87, 8, 'admin', '8', 'jkhjkhjk', '2025-03-15 22:41:36.932163', '0000-00-00 00:00:00.000000', 1),
(88, 8, 'admin', '8', 'jghhjgjh', '2025-03-15 22:41:42.607391', '0000-00-00 00:00:00.000000', 1),
(89, 8, '8', 'admin', 'رزويويو', '2025-03-15 22:42:32.204821', '0000-00-00 00:00:00.000000', 1),
(90, 8, '8', 'admin', 'رزؤوويوس', '2025-03-15 22:43:17.985433', '0000-00-00 00:00:00.000000', 1),
(91, 8, 'admin', '8', 'jhihuihiu', '2025-03-15 22:43:27.244940', '0000-00-00 00:00:00.000000', 1),
(92, 8, '8', 'admin', 'تووو', '2025-03-15 22:44:25.423833', '0000-00-00 00:00:00.000000', 1),
(93, 8, 'admin', '8', '6546464564654546', '2025-03-15 22:44:46.250198', '0000-00-00 00:00:00.000000', 1),
(94, 8, '8', 'admin', 'تيتيتثتتثتثتث', '2025-03-15 22:45:29.260708', '0000-00-00 00:00:00.000000', 1),
(95, 8, 'admin', '8', 'kjlkjkljlkjkljkljlkjlk', '2025-03-15 22:45:37.687359', '0000-00-00 00:00:00.000000', 1),
(96, 7, '8', 'admin', 'منيتتي', '2025-03-15 22:56:11.437923', '0000-00-00 00:00:00.000000', 1),
(97, 8, '8', 'admin', 'تؤتيتي', '2025-03-15 22:56:34.170050', '0000-00-00 00:00:00.000000', 1),
(98, 8, 'admin', '8', 'ggbfghf', '2025-03-15 22:56:44.312765', '0000-00-00 00:00:00.000000', 1),
(99, 9, '9', 'admin', 'مرحبا', '2025-03-16 18:49:57.610811', '0000-00-00 00:00:00.000000', 1),
(100, 9, 'admin', '9', 'هلا مراحب', '2025-03-16 18:51:06.042150', '0000-00-00 00:00:00.000000', 1),
(101, 9, '9', 'admin', 'بدي مساعدة في عمليت تسجيل الدخول للحساب ؟', '2025-03-16 18:51:28.222314', '0000-00-00 00:00:00.000000', 1),
(102, 9, 'admin', '9', 'تمام كيف بقدر اساعدك', '2025-03-16 18:52:17.588639', '0000-00-00 00:00:00.000000', 1),
(103, 9, 'admin', '9', 'hjgyu', '2025-03-16 19:40:10.181082', '0000-00-00 00:00:00.000000', 1),
(104, 9, 'admin', '9', 'uiyuiyi', '2025-03-16 19:40:36.960385', '0000-00-00 00:00:00.000000', 1),
(105, 9, 'admin', '9', 'uiui', '2025-03-16 19:41:15.263494', '0000-00-00 00:00:00.000000', 1),
(106, 9, 'admin', '9', 'ggg', '2025-03-16 19:42:28.466009', '0000-00-00 00:00:00.000000', 1),
(107, 9, 'admin', '9', 'j', '2025-03-16 19:44:31.819997', '0000-00-00 00:00:00.000000', 1),
(108, 9, 'admin', '9', 'hggjgj', '2025-03-16 19:44:59.957575', '0000-00-00 00:00:00.000000', 1),
(109, 9, 'admin', '9', 'uiyuiy', '2025-03-16 19:48:45.022640', '0000-00-00 00:00:00.000000', 1),
(110, 9, 'admin', '9', 'hgvhvhvvh', '2025-03-17 20:39:14.852305', '0000-00-00 00:00:00.000000', 1),
(111, 10, 'admin', '16', 'uihuihihi', '2025-03-18 21:50:29.148909', '0000-00-00 00:00:00.000000', 1),
(112, 10, '16', 'admin', 'Bbb', '2025-03-18 21:50:58.528723', '0000-00-00 00:00:00.000000', 1),
(113, 10, 'admin', '16', 'ffdgdfhdfdf', '2025-03-18 21:51:12.118675', '0000-00-00 00:00:00.000000', 1),
(114, 10, 'admin', '16', 'نتوا', '2025-03-20 21:49:21.772833', '0000-00-00 00:00:00.000000', 1),
(115, 8, '8', 'admin', 'السلام عليكم', '2025-03-30 15:32:29.820439', '0000-00-00 00:00:00.000000', 1),
(116, 8, 'admin', '8', 'kjegnjngjerk', '2025-04-11 18:26:09.006515', '0000-00-00 00:00:00.000000', 1),
(117, 7, '8', 'admin', 'وؤوؤووؤ', '2025-04-11 18:27:13.973402', '0000-00-00 00:00:00.000000', 1),
(118, 7, 'admin', '8', 'buhuhuihui', '2025-04-11 18:29:27.349586', '0000-00-00 00:00:00.000000', 1),
(119, 7, 'admin', '8', 'oijiojiojo', '2025-04-11 18:52:42.549599', '0000-00-00 00:00:00.000000', 1),
(120, 7, 'admin', '8', 'jkbkjbjkbjk', '2025-04-11 20:01:59.927801', '0000-00-00 00:00:00.000000', 1),
(121, 7, 'admin', '8', 'iojioujiojo', '2025-04-11 20:03:19.676764', '0000-00-00 00:00:00.000000', 1),
(122, 7, '8', 'admin', 'تاةىا', '2025-04-11 20:04:41.335444', '0000-00-00 00:00:00.000000', 1),
(123, 7, 'admin', '8', 'kjhjkhjkhk', '2025-04-11 20:05:44.662271', '0000-00-00 00:00:00.000000', 1),
(124, 7, 'admin', '8', 'klklljl', '2025-04-11 20:06:05.022697', '0000-00-00 00:00:00.000000', 1),
(125, 7, 'admin', '8', 'iouiouiouo', '2025-04-11 20:31:48.008440', '0000-00-00 00:00:00.000000', 1),
(126, 7, '8', 'admin', 'Hshshshhs', '2025-04-11 20:32:44.599575', '0000-00-00 00:00:00.000000', 1),
(127, 8, '8', 'admin', 'Shhshs', '2025-04-11 20:33:57.615651', '0000-00-00 00:00:00.000000', 1),
(128, 7, 'admin', '8', 'uiyuiyuiyi', '2025-04-11 20:34:26.098438', '0000-00-00 00:00:00.000000', 1),
(129, 7, '8', 'admin', 'Hccxx', '2025-04-11 20:38:05.133356', '0000-00-00 00:00:00.000000', 1),
(130, 7, 'admin', '8', '45645646', '2025-04-11 20:39:44.208309', '0000-00-00 00:00:00.000000', 1),
(131, 8, 'admin', '8', '1234562', '2025-04-11 20:42:33.308769', '0000-00-00 00:00:00.000000', 1),
(132, 7, '8', 'admin', 'Ggjghjjf', '2025-04-11 20:42:54.309955', '0000-00-00 00:00:00.000000', 1),
(133, 8, 'admin', '8', '5645231321', '2025-04-11 20:43:25.826149', '0000-00-00 00:00:00.000000', 1),
(134, 8, 'admin', '8', 'iuyuiuihiiu', '2025-04-11 20:49:28.418817', '0000-00-00 00:00:00.000000', 1),
(135, 8, 'admin', '8', '65456123', '2025-04-11 20:51:58.144151', '0000-00-00 00:00:00.000000', 1),
(136, 7, 'admin', '8', '9897895489796532', '2025-04-11 20:52:21.814137', '0000-00-00 00:00:00.000000', 1),
(137, 7, '8', 'admin', 'Iuijhuuy', '2025-04-11 20:54:16.116411', '0000-00-00 00:00:00.000000', 1),
(138, 7, '8', 'admin', 'Knbn', '2025-04-11 20:56:48.979845', '0000-00-00 00:00:00.000000', 1),
(139, 9, '9', 'admin', 'تيويويوي', '2025-04-17 19:33:55.629652', '0000-00-00 00:00:00.000000', 1);

-- --------------------------------------------------------

--
-- Table structure for table `contact`
--

CREATE TABLE `contact` (
  `id` int(11) NOT NULL,
  `sender_id` int(11) NOT NULL,
  `receiver` text NOT NULL,
  `body` varchar(255) NOT NULL,
  `date_created` text NOT NULL,
  `seen` tinyint(1) NOT NULL
) ENGINE=InnoDB DEFAULT CHARSET=utf8;

--
-- Dumping data for table `contact`
--

INSERT INTO `contact` (`id`, `sender_id`, `receiver`, `body`, `date_created`, `seen`) VALUES
(7, 8, 'admin', 'سعر الواحد 100\nالحذاء مريح والخامة ممتازة والجودة عالية', '1744405008', 1),
(8, 8, 'admin', 'سعر الواحد 90\nخامة ممتازة وجودة عاليه', '1744404718', 1),
(9, 9, 'admin', 'سعر الواحد 100 الحذاء مريح والخامة ممتازة والجودة عالية', '1744918435', 1),
(10, 16, 'admin', 'Sbsbbzbzbz zhshshbs hzhshshs hshshs', '1742242120', 1);

-- --------------------------------------------------------

--
-- Table structure for table `devices`
--

CREATE TABLE `devices` (
  `id` int(11) NOT NULL,
  `user_id` int(11) NOT NULL,
  `finger` int(255) NOT NULL,
  `external_ip` text NOT NULL,
  `type` text NOT NULL,
  `os` text NOT NULL,
  `country` text NOT NULL,
  `city` text NOT NULL,
  `region` text NOT NULL,
  `city_time` text NOT NULL,
  `browser` text NOT NULL,
  `width` double NOT NULL,
  `hieght` double NOT NULL,
  `date_created` int(11) NOT NULL,
  `date_updated` int(11) NOT NULL,
  `online_d` tinyint(1) NOT NULL,
  `active` tinyint(1) NOT NULL
) ENGINE=InnoDB DEFAULT CHARSET=utf8;

--
-- Dumping data for table `devices`
--

INSERT INTO `devices` (`id`, `user_id`, `finger`, `external_ip`, `type`, `os`, `country`, `city`, `region`, `city_time`, `browser`, `width`, `hieght`, `date_created`, `date_updated`, `online_d`, `active`) VALUES
(44, 9, 239774035, '\n                        188.161.48.20\n                    ', 'Mobile', 'Android', 'Palestine', 'Bethlehem', 'Bethlehem Governorate', 'Asia/Hebron', 'Chrome', 31.7049, 35.2038, 1745259727, 1745347832, 1, 1);

-- --------------------------------------------------------

--
-- Table structure for table `favorate`
--

CREATE TABLE `favorate` (
  `id` int(11) NOT NULL,
  `user_id` int(11) NOT NULL,
  `item_id` int(11) NOT NULL,
  `type` text NOT NULL
) ENGINE=InnoDB DEFAULT CHARSET=utf8;

--
-- Dumping data for table `favorate`
--

INSERT INTO `favorate` (`id`, `user_id`, `item_id`, `type`) VALUES
(118, 4, 152, 'page'),
(142, 4, 6, 'product'),
(144, 4, 3, 'product'),
(147, 4, 229, 'page'),
(161, 4, 16, 'broker'),
(163, 9, 11, 'product'),
(168, 4, 230, 'page'),
(173, 8, 146, 'page'),
(174, 8, 2, 'product');

-- --------------------------------------------------------

--
-- Table structure for table `notifications`
--

CREATE TABLE `notifications` (
  `id` int(11) NOT NULL,
  `item_id` int(11) NOT NULL,
  `sender` text NOT NULL,
  `receiver` text NOT NULL,
  `date_created` int(50) NOT NULL,
  `body` varchar(255) NOT NULL,
  `color` text NOT NULL,
  `type` tinyint(6) NOT NULL
) ENGINE=InnoDB DEFAULT CHARSET=utf8;

--
-- Dumping data for table `notifications`
--

INSERT INTO `notifications` (`id`, `item_id`, `sender`, `receiver`, `date_created`, `body`, `color`, `type`) VALUES
(28, 246, '4', 'admin', 1734376647, 'تم ارسال طلب لاضافة صفحة جديدة', 'secondary', 0),
(29, 247, '4', 'admin', 1734387698, 'تم ارسال طلب لاضافة صفحة جديدة', 'secondary', 0),
(31, 2, '4', 'admin', 1734545274, 'تم ارسال طلب لاضافة منتج جديد', 'secondary', 0),
(32, 3, '4', 'admin', 1734545476, 'تم ارسال طلب لاضافة منتج جديد', 'secondary', 0),
(33, 4, '4', 'admin', 1734545558, 'تم ارسال طلب لاضافة منتج جديد', 'secondary', 0),
(34, 5, '4', 'admin', 1734546955, 'تم ارسال طلب لاضافة منتج جديد', 'secondary', 0),
(35, 6, '4', 'admin', 1734547067, 'تم ارسال طلب لاضافة منتج جديد', 'secondary', 0),
(36, 7, '4', 'admin', 1734547071, 'تم ارسال طلب لاضافة منتج جديد', 'secondary', 0),
(39, 2, 'admin', '4', 1734803429, ' عفوا ⚠️ تم تعليق طلبك ', 'success', 0),
(40, 2, 'admin', '4', 1734803431, ' عفوا ⚠️ تم تعليق طلبك ', 'success', 0),
(41, 2, 'admin', '4', 1734803431, ' عفوا ⚠️ تم تعليق طلبك ', 'success', 0),
(42, 2, 'admin', '4', 1734803431, ' عفوا ⚠️ تم تعليق طلبك ', 'success', 0),
(48, 11, '4', 'admin', 1735315916, 'تم ارسال طلب لاضافة منتج جديد', 'secondary', 1),
(49, 12, '4', 'admin', 1735315974, 'تم ارسال طلب لاضافة منتج جديد', 'secondary', 1),
(51, 247, 'admin', '4', 1735322547, ' عذرا ❌ تم رفض طلبك ', 'success', 0),
(53, 238, '4', '9', 1735336424, ' تم اضافة تقييم جديد على الصفحة الخاصة بك ', 'secondary', 0),
(56, 11, 'admin', '4', 1735422283, ' حسنا ✅ تمت الموافقة على طلبك ', 'success', 0),
(57, 246, 'admin', '4', 1735422319, ' حسنا ✅ تمت الموافقة على طلبك ', 'success', 0),
(59, 12, 'admin', '4', 1735423119, ' حسنا ✅ تمت الموافقة على طلبك ', 'success', 0),
(60, 11, 'admin', '4', 1735423210, ' حسنا ✅ تمت الموافقة على طلبك ', 'success', 0),
(62, 231, 'admin', '9', 1735423408, ' حسنا ✅ تمت الموافقة على طلبك ', 'success', 0),
(63, 211, 'admin', '4', 1735423525, ' حسنا ✅ تمت الموافقة على طلبك ', 'success', 0),
(64, 234, 'admin', '9', 1735423552, ' عذرا ❌ تم رفض طلبك ', 'success', 0),
(65, 247, 'admin', '4', 1735423614, ' عفوا ⚠️ تم تعليق طلبك ', 'success', 0),
(66, 6, 'admin', '4', 1735423748, ' عذرا ❌ تم رفض طلبك ', 'success', 1),
(68, 6, 'admin', '4', 1735503314, ' عفوا ⚠️ تم تعليق طلبك ', 'success', 0),
(69, 6, 'admin', '4', 1735503352, ' حسنا ✅ تمت الموافقة على طلبك ', 'success', 0),
(70, 6, 'admin', '4', 1735503524, ' عفوا ⚠️ تم تعليق طلبك ', 'success', 0),
(84, 247, 'admin', '4', 1735587908, ' عفوا ⚠️ تم تعليق طلبك ', 'success', 0),
(87, 13, 'admin', '4', 1735592056, ' عفوا ⚠️ تم تعليق طلبك ', 'success', 1),
(88, 10, 'admin', '9', 1735592164, ' عفوا ⚠️ تم تعليق طلبك ', 'success', 1),
(89, 13, 'admin', '4', 1735592614, ' عفوا ⚠️ تم تعليق طلبك ', 'success', 1),
(90, 6, 'admin', '4', 1735592658, ' حسنا ✅ تمت الموافقة على طلبك ', 'success', 1),
(91, 13, 'admin', '4', 1735592692, ' حسنا ✅ تمت الموافقة على طلبك ', 'success', 1),
(93, 11, 'admin', '4', 1735847218, ' عفوا ⚠️ تم تعليق طلبك ', 'success', 1),
(94, 11, 'admin', '4', 1735847236, ' عفوا ⚠️ تم تعليق طلبك ', 'success', 1),
(95, 62, '4', 'admin', 1735935664, 'لديك طلب اشتراك جديد ', 'secondary', 2),
(96, 63, '4', 'admin', 1735935803, 'لديك طلب اشتراك جديد ', 'secondary', 2),
(98, 65, '4', 'admin', 1736196635, 'لديك طلب اشتراك جديد ', 'secondary', 2),
(99, 65, 'admin', '4', 1736365264, ' عفوا ⚠️ تم تعليق طلبك ', 'success', 1),
(100, 65, 'admin', '4', 1736365267, ' عفوا ⚠️ تم تعليق طلبك ', 'success', 1),
(101, 64, 'admin', '4', 1736365544, ' عفوا ⚠️ تم تعليق طلبك ', 'success', 1),
(102, 64, 'admin', '4', 1736365553, ' عذرا ❌ تم رفض طلبك ', 'success', 1),
(103, 64, 'admin', '4', 1736365554, ' عذرا ❌ تم رفض طلبك ', 'success', 1),
(104, 64, 'admin', '4', 1736366048, ' عفوا ⚠️ تم تعليق طلبك ', 'success', 1),
(106, 66, '9', 'admin', 1736369920, 'لديك طلب اشتراك جديد ', 'secondary', 2),
(107, 66, 'admin', '9', 1736371814, ' حسنا ✅ تمت الموافقة على طلبك ', 'success', 0),
(108, 66, 'admin', '9', 1736373039, ' عفوا ⚠️ تم تعليق طلبك ', 'success', 0),
(109, 66, 'admin', '9', 1736373148, ' حسنا ✅ تمت الموافقة على طلبك ', 'success', 0),
(111, 66, 'admin', '9', 1736373835, ' عفوا ⚠️ تم تعليق طلبك ', 'success', 2),
(119, 70, '9', 'admin', 1736377270, 'لديك طلب اشتراك جديد ', 'secondary', 2),
(120, 70, 'admin', '9', 1736377399, ' عفوا ⚠️ تم تعليق طلبك ', 'success', 2),
(121, 70, 'admin', '9', 1736377513, ' حسنا ✅ تمت الموافقة على طلبك ', 'success', 2),
(122, 229, 'admin', '4', 1739639245, ' حسنا ✅ تمت الموافقة على طلبك ', 'success', 0),
(123, 28, '16', 'admin', 1739649186, 'لديك طلب وسيط جديد ', 'secondary', 3),
(126, 28, 'admin', '16', 1739653874, ' عفوا ⚠️ تم تعليق طلبك ', 'success', 3),
(127, 28, 'admin', '16', 1739653992, ' عذرا ❌ تم رفض طلبك ', 'success', 3),
(128, 28, 'admin', '16', 1739654127, ' حسنا ✅ تمت الموافقة على طلبك ', 'success', 3),
(129, 28, 'admin', '16', 1739737998, ' عفوا ⚠️ تم تعليق طلبك ', 'success', 3),
(130, 68, 'admin', '', 1739740662, ' عفوا ⚠️ تم تعليق طلبك ', 'success', 0),
(131, 28, 'admin', '16', 1739742726, ' حسنا ✅ تمت الموافقة على طلبك ', 'success', 3),
(132, 28, 'admin', '16', 1739742986, ' عفوا ⚠️ تم تعليق طلبك ', 'success', 3),
(135, 28, 'admin', '16', 1739905022, ' عفوا ⚠️ تم تعليق طلبك ', 'success', 3),
(136, 91, 'admin', '', 1739905542, ' عفوا ⚠️ تم تعليق طلبك ', 'success', 3),
(137, 28, 'admin', '16', 1739905665, ' حسنا ✅ تمت الموافقة على طلبك ', 'success', 3),
(138, 28, 'admin', '16', 1739906308, ' عذرا ❌ تم رفض طلبك ', 'success', 3),
(139, 28, 'admin', '16', 1739906330, ' عفوا ⚠️ تم تعليق طلبك ', 'success', 3),
(140, 93, 'admin', '', 1739913861, ' عفوا ⚠️ تم تعليق طلبك ', 'success', 3),
(141, 93, 'admin', '', 1739913881, ' عفوا ⚠️ تم تعليق طلبك ', 'success', 3),
(142, 28, 'admin', '16', 1739918441, ' عذرا ❌ تم رفض طلبك ', 'success', 3),
(149, 247, 'admin', '4', 1740077602, ' عفوا ⚠️ تم تعليق طلبك ', 'success', 0),
(150, 11, 'admin', '4', 1740077630, ' عفوا ⚠️ تم تعليق طلبك ', 'success', 0),
(151, 11, 'admin', '4', 1740078388, ' عفوا ⚠️ تم تعليق طلبك ', 'success', 1),
(152, 94, 'admin', '', 1740079646, ' عذرا ❌ تم رفض طلبك ', 'success', 3),
(153, 28, 'admin', '16', 1740079886, ' عذرا ❌ تم رفض طلبك ', 'success', 3),
(154, 28, 'admin', '16', 1740080112, ' عذرا ❌ تم رفض طلبك ', 'success', 3),
(155, 105, 'admin', '', 1740080133, ' عذرا ❌ تم رفض طلبك ', 'success', 3),
(156, 92, 'admin', '', 1740128805, ' عذرا ❌ تم رفض طلبك ', 'success', 3),
(157, 92, 'admin', '', 1740128816, ' عذرا ❌ تم رفض طلبك ', 'success', 3),
(158, 92, 'admin', '', 1740128829, ' عذرا ❌ تم رفض طلبك ', 'success', 3),
(159, 92, 'admin', '', 1740128850, ' عذرا ❌ تم رفض طلبك ', 'success', 3),
(160, 28, 'admin', '16', 1740128881, ' حسنا ✅ تمت الموافقة على طلبك ', 'success', 3),
(161, 82, 'admin', '', 1740137683, ' عفوا ⚠️ تم تعليق طلبك ', 'success', 2),
(162, 0, '4', '', 1740138272, ' تم اضافة تقييم جديد على المنتج الخاصة بك ', 'secondary', 1),
(163, 28, '4', '16', 1740138717, 'تم اضافة تقييم جديد على حساب الوسيط الخاص بك ', 'secondary', 2),
(164, 16, '4', '', 1740138908, 'تم اضافة تقييم جديد على حساب الوسيط الخاص بك ', 'secondary', 2),
(165, 16, '4', '', 1740144473, 'تم اضافة تقييم جديد على حساب الوسيط الخاص بك ', 'secondary', 2),
(166, 16, '4', '', 1740144718, 'تم اضافة تقييم جديد على حساب الوسيط الخاص بك ', 'secondary', 2),
(167, 16, '4', '', 1740144782, 'تم اضافة تقييم جديد على حساب الوسيط الخاص بك ', 'secondary', 2),
(168, 8, '16', '', 1740165870, 'تم اضافة تقييم جديد على حساب الوسيط الخاص بك ', 'secondary', 2),
(169, 11, 'admin', '4', 1740247106, ' عفوا ⚠️ تم تعليق طلبك ', 'success', 1),
(170, 9, 'admin', '9', 1740260720, ' عفوا ⚠️ تم تعليق طلبك ', 'success', 3),
(171, 9, 'admin', '9', 1740333562, ' حسنا ✅ تمت الموافقة على طلبك ', 'success', 3),
(172, 229, 'admin', '4', 1740333626, ' عفوا ⚠️ تم تعليق طلبك ', 'success', 0),
(173, 229, 'admin', '4', 1740333644, ' حسنا ✅ تمت الموافقة على طلبك ', 'success', 0),
(177, 23, 'admin', '9', 1740341864, ' حسنا ✅ تمت الموافقة على طلبك ', 'success', 3),
(178, 23, 'admin', '9', 1740342501, ' عفوا ⚠️ تم تعليق طلبك ', 'success', 3),
(179, 101, 'admin', '', 1740344547, ' عفوا ⚠️ تم تعليق طلبك ', 'success', 0),
(180, 101, 'admin', '', 1740344568, ' عفوا ⚠️ تم تعليق طلبك ', 'success', 0),
(181, 101, 'admin', '', 1740344631, ' عفوا ⚠️ تم تعليق طلبك ', 'success', 0),
(182, 247, 'admin', '4', 1740344649, ' عفوا ⚠️ تم تعليق طلبك ', 'success', 0),
(183, 247, 'admin', '4', 1740344658, ' عفوا ⚠️ تم تعليق طلبك ', 'success', 0),
(184, 247, 'admin', '4', 1740344775, ' عفوا ⚠️ تم تعليق طلبك ', 'success', 0),
(186, 82, 'admin', '', 1740344873, ' عفوا ⚠️ تم تعليق طلبك ', 'success', 2),
(187, 109, 'admin', '', 1740344885, ' عفوا ⚠️ تم تعليق طلبك ', 'success', 2),
(188, 109, 'admin', '', 1740344899, ' عفوا ⚠️ تم تعليق طلبك ', 'success', 2),
(189, 107, 'admin', '', 1740345260, ' عفوا ⚠️ تم تعليق طلبك ', 'success', 0),
(190, 107, 'admin', '', 1740345489, ' عفوا ⚠️ تم تعليق طلبك ', 'success', 0),
(191, 23, 'admin', '9', 1740345597, ' عفوا ⚠️ تم تعليق طلبك ', 'success', 3),
(192, 11, 'admin', '4', 1740345619, ' عفوا ⚠️ تم تعليق طلبك ', 'success', 1),
(193, 111, 'admin', '', 1740345626, ' عفوا ⚠️ تم تعليق طلبك ', 'success', 0),
(194, 111, 'admin', '', 1740345637, ' عفوا ⚠️ تم تعليق طلبك ', 'success', 0),
(195, 111, 'admin', '', 1740345647, ' عفوا ⚠️ تم تعليق طلبك ', 'success', 0),
(196, 247, 'admin', '4', 1740345671, ' عفوا ⚠️ تم تعليق طلبك ', 'secondary', 0),
(197, 106, 'admin', '', 1740347091, ' عفوا ⚠️ تم تعليق طلبك ', 'success', 0),
(198, 112, 'admin', '', 1740347271, ' عفوا ⚠️ تم تعليق طلبك ', 'success', 0),
(199, 112, 'admin', '', 1740347710, ' عفوا ⚠️ تم تعليق طلبك ', 'success', 0),
(200, 106, 'admin', '', 1740347875, ' عفوا ⚠️ تم تعليق طلبك ', 'success', 0),
(201, 112, 'admin', '', 1740348388, ' عفوا ⚠️ تم تعليق طلبك ', 'success', 0),
(202, 110, 'admin', '', 1740418518, ' عفوا ⚠️ تم تعليق طلبك ', 'success', 3),
(203, 105, 'admin', '', 1740425773, ' عفوا ⚠️ تم تعليق طلبك ', 'info', 3),
(204, 23, 'admin', '9', 1740516388, ' حسنا ✅ تمت الموافقة على طلبك ', 'success', 3),
(205, 230, '4', '4', 1740600919, ' تم اضافة تقييم جديد على الصفحة الخاصة بك ', 'secondary', 0),
(206, 4, 'admin', '4', 1740601047, ' عذرا ❌ تم رفض طلبك ', 'success', 0),
(207, 4, 'admin', '4', 1740604337, ' عفوا ⚠️ تم تعليق طلبك ', 'success', 1),
(208, 11, 'admin', '4', 1740604363, ' عذرا ❌ تم رفض طلبك ', 'success', 0),
(209, 11, 'admin', '4', 1740604426, ' ❌ عذرا تم رفض طلبك ', 'success', 1),
(210, 246, 'admin', '4', 1740684707, ' عفوا ⚠️ تم تعليق طلبك ', 'success', 1),
(211, 246, 'admin', '4', 1740684798, ' عفوا ⚠️ تم تعليق طلبك ', 'success', 0),
(212, 231, 'admin', '9', 1740684873, ' عفوا ⚠️ تم تعليق طلبك ', 'success', 0),
(213, 118, 'admin', '', 1740684895, ' عفوا ⚠️ تم تعليق طلبك ', 'success', 0),
(214, 231, 'admin', '9', 1740684907, ' حسنا ✅ تمت الموافقة على طلبك ', 'success', 0),
(217, 118, 'admin', '', 1740687221, ' عفوا ⚠️ تم تعليق طلبك ', 'success', 0),
(218, 246, 'admin', '4', 1740690691, ' حسنا ✅ تمت الموافقة على طلبك ', 'success', 0),
(219, 247, 'admin', '4', 1740690697, ' حسنا ✅ تمت الموافقة على طلبك ', 'success', 0),
(220, 247, '4', '4', 1740691193, ' تم اضافة تقييم جديد على الصفحة الخاصة بك ', 'secondary', 0),
(225, 73, '9', 'admin', 1742415596, 'لديك طلب اشتراك جديد ', 'secondary', 2),
(226, 73, 'admin', '9', 1742505899, ' حسنا ✅ تمت الموافقة على طلبك ', 'success', 2),
(227, 74, '9', 'admin', 1742506083, 'لديك طلب اشتراك جديد ', 'secondary', 2),
(228, 74, 'admin', '9', 1742506147, ' حسنا ✅ تمت الموافقة على طلبك ', 'success', 2),
(229, 75, '9', 'admin', 1742506293, 'لديك طلب اشتراك جديد ', 'secondary', 2),
(230, 75, 'admin', '9', 1742506317, ' حسنا ✅ تمت الموافقة على طلبك ', 'success', 2),
(231, 76, '9', 'admin', 1742506404, 'لديك طلب اشتراك جديد ', 'secondary', 2),
(232, 76, 'admin', '9', 1742506414, ' حسنا ✅ تمت الموافقة على طلبك ', 'success', 2),
(233, 77, '9', 'admin', 1742506483, 'لديك طلب اشتراك جديد ', 'secondary', 2),
(234, 77, 'admin', '9', 1742506492, ' حسنا ✅ تمت الموافقة على طلبك ', 'success', 2),
(235, 78, '9', 'admin', 1742506667, 'لديك طلب اشتراك جديد ', 'secondary', 2),
(236, 78, 'admin', '9', 1742506699, ' حسنا ✅ تمت الموافقة على طلبك ', 'success', 2),
(237, 79, '9', 'admin', 1742506798, 'لديك طلب اشتراك جديد ', 'secondary', 2),
(238, 79, 'admin', '9', 1742506823, ' حسنا ✅ تمت الموافقة على طلبك ', 'success', 2),
(239, 80, '9', 'admin', 1742507004, 'لديك طلب اشتراك جديد ', 'secondary', 2),
(240, 80, 'admin', '9', 1742507027, ' حسنا ✅ تمت الموافقة على طلبك ', 'success', 2),
(241, 81, '9', 'admin', 1742507079, 'لديك طلب اشتراك جديد ', 'secondary', 2),
(242, 81, 'admin', '9', 1742507093, ' عفوا ⚠️ تم تعليق طلبك ', 'success', 2),
(243, 81, 'admin', '9', 1742507106, ' حسنا ✅ تمت الموافقة على طلبك ', 'success', 2),
(244, 82, '9', 'admin', 1742507214, 'لديك طلب اشتراك جديد ', 'secondary', 2),
(245, 82, 'admin', '9', 1742507283, ' حسنا ✅ تمت الموافقة على طلبك ', 'success', 2),
(246, 2, '4', '4', 1742597243, ' تم اضافة تقييم جديد على المنتج الخاصة بك ', 'secondary', 1),
(249, 85, '4', 'admin', 1742841036, 'لديك طلب اشتراك جديد ', 'secondary', 2),
(250, 86, '4', 'admin', 1742859133, 'لديك طلب اشتراك جديد ', 'secondary', 2),
(251, 87, '8', 'admin', 1742859654, 'لديك طلب اشتراك جديد ', 'secondary', 2),
(252, 139, '4', '9', 1743784658, ' تم اضافة تقييم جديد على الصفحة الخاصة بك ', 'secondary', 0),
(253, 139, '4', '9', 1743784991, ' تم اضافة تقييم جديد على الصفحة الخاصة بك ', 'secondary', 0),
(254, 152, '4', '4', 1743785079, ' تم اضافة تقييم جديد على الصفحة الخاصة بك ', 'secondary', 0),
(255, 11, 'admin', '4', 1743980682, ' حسنا ✅ تمت الموافقة على طلبك ', 'success', 0),
(256, 7, 'admin', '4', 1743980689, ' حسنا ✅ تمت الموافقة على طلبك ', 'success', 0),
(257, 82, 'admin', '9', 1744491999, ' حسنا ✅ تمت الموافقة على طلبك ', 'success', 2),
(258, 82, 'admin', '9', 1744492096, ' حسنا ✅ تمت الموافقة على طلبك ', 'success', 2),
(259, 149, '9', 'admin', 1744750828, 'تم تعديل بيانات الصفحة', 'secondary', 0),
(260, 149, 'admin', '9', 1744751170, ' حسنا ✅ تمت الموافقة على طلبك ', 'success', 0),
(261, 149, '9', 'admin', 1745004154, 'تم تعديل بيانات الصفحة', 'secondary', 0),
(262, 149, 'admin', '9', 1745004183, ' حسنا ✅ تمت الموافقة على طلبك ', 'success', 0);

-- --------------------------------------------------------

--
-- Table structure for table `order_notes`
--

CREATE TABLE `order_notes` (
  `id` int(11) NOT NULL,
  `order_id` int(11) NOT NULL,
  `date_created` int(50) NOT NULL,
  `notes` varchar(500) NOT NULL,
  `status` tinyint(1) NOT NULL,
  `type` text NOT NULL
) ENGINE=InnoDB DEFAULT CHARSET=utf8;

--
-- Dumping data for table `order_notes`
--

INSERT INTO `order_notes` (`id`, `order_id`, `date_created`, `notes`, `status`, `type`) VALUES
(62, 247, 1735587907, 'ghgfhgj', 0, ''),
(63, 247, 1735587953, 'hgjghjghjgj', 0, ''),
(64, 247, 1735592017, 'jlllllljjjjjjjhgggffddssskjkjhkjhkjhk', 0, 'page'),
(65, 13, 1735592055, 'jhgjhfghdghdggh', 0, 'product'),
(67, 13, 1735592614, 'jguygfyufyufgu', 0, 'product'),
(72, 64, 1736365544, 'toigjui4ji9', 0, 'product'),
(73, 64, 1736365553, '4rt34t4', 1, 'product'),
(74, 64, 1736365554, '4rt34t4', 1, 'product'),
(75, 64, 1736366048, 'eeeeeeeeeee', 0, 'product'),
(76, 64, 1736366680, 'nbnbnbnbn', 0, ''),
(77, 66, 1736373039, 'jjj', 0, ''),
(78, 66, 1736373662, 'klklkl', 0, ''),
(83, 70, 1736377399, 'oio', 0, 'subscribe'),
(85, 28, 1739653874, 'a3aaa3a33a3a3a3a3a3a33a3a33a3', 0, 'broker'),
(89, 24, 1739902136, 'hjhjhjhjhjghjggjhghjgj', 0, 'broker'),
(90, 24, 1739904939, 'mnmnmnmmnm', 0, 'broker'),
(92, 28, 1739906308, 'wawawawawawawawawawwaww awawawawawawawawaw  wawawaw awawawawawawawwawawawwawaw awaw', 1, 'broker'),
(93, 28, 1739906330, 'asaasasssssssssss \nsssssssaaaaaaa aaaaaaaaaaaaaaaaaaaaaaaaaaaaaaa', 0, 'broker'),
(101, 247, 1740077602, 'ggggggggggggggggggggggg hgjbvcf', 0, 'page'),
(102, 11, 1740247106, '45652315645623', 0, 'product'),
(103, 9, 1740260720, 'jkjkjk', 0, 'broker'),
(104, 229, 1740333626, 'منمنمن', 0, 'page'),
(105, 23, 1740342501, 'asasasasasas dfdfdfdf fgfgfgfg', 0, 'broker'),
(106, 247, 1740344649, 'Jhjhgff', 0, 'page'),
(110, 23, 1740345597, 'Hgdsssetyuhcdxxcbbvc', 0, 'broker'),
(111, 11, 1740345619, 'Jjhhggffdd', 0, 'product'),
(112, 4, 1740601047, 'المنتج خطا', 1, ''),
(113, 4, 1740604337, 'jjj', 0, 'product'),
(114, 11, 1740604363, 'jkjkjkj', 1, ''),
(115, 11, 1740604426, 'jkjkjk', 1, 'product'),
(116, 246, 1740684707, 'منت', 0, 'product'),
(117, 246, 1740684798, 'منت', 0, 'page'),
(118, 231, 1740684873, 'التفاصيل غير واضحة', 0, 'page'),
(119, 238, 1740686341, 'klklkl', 0, 'page'),
(121, 81, 1742507093, 'ننن', 0, 'subscribe');

-- --------------------------------------------------------

--
-- Table structure for table `pages`
--

CREATE TABLE `pages` (
  `id` int(11) NOT NULL,
  `user_id` int(11) NOT NULL,
  `page_name` varchar(100) NOT NULL,
  `page_url` varchar(255) NOT NULL,
  `category` varchar(255) NOT NULL,
  `description` varchar(500) NOT NULL,
  `logo` varchar(255) NOT NULL,
  `rate` tinyint(1) NOT NULL,
  `date_created` int(50) NOT NULL,
  `status` tinyint(1) NOT NULL,
  `active` tinyint(1) NOT NULL
) ENGINE=InnoDB DEFAULT CHARSET=utf8;

--
-- Dumping data for table `pages`
--

INSERT INTO `pages` (`id`, `user_id`, `page_name`, `page_url`, `category`, `description`, `logo`, `rate`, `date_created`, `status`, `active`) VALUES
(139, 9, 'تسوق أونلاين 35', 'https://www.facebook.com/profile.php?id=100083442535074', 'prefumes_accessories', 'هنالك العديد من الأنواع المتوفرة لنصوص لوريم إيبسوم، ولكن الغالبية تم تعديلها بشكل ما عبر إدخال بعض النوادر أو الكلمات العشوائية إلى النص. نالك العديد من الأنواع المتوفرة لنصوص لوريم إيبسوم، ولكن الغالبية تم تعديلها بشكل ما عبر إدخال بعض النوادر أو الكلما', 'icons/face.png', 1, 2147483647, 1, 1),
(146, 4, 'one style1155', 'https://www.facebook.com/profile.php?id=100083442535074', 'prefumes_accessories', 'هنالك العديد من الأنواع المتوفرة لنصوص لوريم إيبسوم، ولكن الغالبية تم تعديلها بشكل ما عبر إدخال بعض النوادر أو الكلمات العشوائية إلى النص...', 'icons/face.png', 5, 2147483647, 1, 1),
(149, 9, 'تسوق أونلاين 3', 'https://www.google.com/', 'prefumes_accessories', '123456789ةىةىةوةىةىةلى غا5ا45ل4ل', 'icons/face.png', 4, 2147483647, 1, 1),
(152, 4, 'تسوق أونلاين 55', 'https://www.google.com/', 'prefumes_accessories', 'jhguyguguybuyby', 'icons/Instagram.jpg', 3, 2147483647, 1, 1),
(153, 4, 'تسوق أونلاين 5555', 'https://www.facebook.com/profile.php?id=100083442535074', 'prefumes_accessories', 'jhghjbjh', 'icons/face.png', 2, 2147483647, 1, 1),
(154, 4, 'تسوق أونلاين 565656', 'https://www.facebook.com/profile.php?id=100083442535074', 'computer_mobile', 'jhbhbu', 'icons/Instagram.jpg', 3, 2147483647, 1, 1),
(155, 4, 'Pp11', 'https://www.facebook.com/profile.php?id=100083442535074', 'prefumes_accessories', 'nnbjbhjbbj', 'icons/face.png', 3, 2147483647, 1, 1),
(156, 4, 'A11', 'https://www.facebook.com/profile.php?id=100083442535074', 'prefumes_accessories', 'jhbgugugy', 'icons/face.png', 3, 2147483647, 1, 1),
(211, 4, 'تسوق أونلاين 3', 'https://www.facebook.com/profile.php?id=100083442535074', 'prefumes_accessories', '4y45y45y54w', 'icons/Instagram.jpg', 2, 2147483647, 1, 1),
(222, 4, 'one style', 'https://www.facebook.com/profile.php?id=100083442535074', 'prefumes_accessories', 'okopkpk', 'icons/face.png', 4, 2147483647, 0, 0),
(223, 4, 'one style', 'https://www.facebook.com/profile.php?id=100083442535074', 'prefumes_accessories', 'okopkpk', 'icons/face.png', 4, 2147483647, 0, 0),
(224, 4, 'one style', 'https://www.facebook.com/profile.php?id=100083442535074', 'prefumes_accessories', 'okopkpk', 'icons/face.png', 4, 2147483647, 0, 0),
(225, 9, 'uygyugyu', 'https://www.facebook.com/profile.php?id=100083442535074', 'prefumes_accessories', '75i6i5', 'icons/face.png', 3, 2147483647, 0, 0),
(226, 4, 'one style', 'https://www.facebook.com/profile.php?id=100083442535074', 'prefumes_accessories', 'okopkpk', 'icons/face.png', 4, 2147483647, 0, 0),
(229, 4, 'one style', 'https://www.facebook.com/profile.php?id=100083442535074', 'prefumes_accessories', 'okopkpk', 'icons/face.png', 2, 2147483647, 1, 1),
(230, 4, 'page1', 'https://www.facebook.com/profile.php?id=100083442535074', 'prefumes_accessories', 'hjgftyfdtyftydyty', 'icons/face.png', 2, 2147483647, 1, 1),
(231, 9, 'page 9', 'https://www.facebook.com/profile.php?id=100083442535074', 'prefumes_accessories', 'hfyugfyugyu', 'icons/face.png', 3, 2147483647, 2, 0),
(234, 9, 'page 99', 'https://www.facebook.com/profile.php?id=100083442535074', 'prefumes_accessories', 'guygyugyuyug', 'icons/face.png', 4, 2147483647, 1, 0),
(238, 9, 'uuuu', 'https://www.facebook.com/profile.php?id=100083442535074', 'prefumes_accessories', 'hjohiohugiyugfyugfyufuyfu', 'icons/Instagram.jpg', 4, 2147483647, 2, 0),
(246, 4, 'one style', 'https://www.facebook.com/profile.php?id=100083442535074', 'prefumes_accessories', 'Mmmmmmmmmmmnnnnnnnbbbbb nnvvvvbb hhvvvvvvv. Hbbbbvbvvvbnvcccccc', 'icons/face.png', 4, 1734376647, 1, 1),
(247, 4, 'one style', 'https://www.facebook.com/profile.php?id=100083442535074', 'medicals', 'gyufyufuy', 'icons/face.png', 3, 1734387698, 1, 1);

-- --------------------------------------------------------

--
-- Table structure for table `page_images`
--

CREATE TABLE `page_images` (
  `id` int(11) NOT NULL,
  `page_id` int(11) NOT NULL,
  `image` varchar(500) NOT NULL
) ENGINE=InnoDB DEFAULT CHARSET=utf8;

--
-- Dumping data for table `page_images`
--

INSERT INTO `page_images` (`id`, `page_id`, `image`) VALUES
(36, 139, '5183380493455_281770137976571_3190932579886886011_n.jpg'),
(37, 139, '4888380607901_281770244643227_6971789080993379148_n.jpg'),
(38, 139, '8002380990864_281770197976565_3355620923857981527_n.jpg'),
(65, 146, '4150380999093_281770291309889_8579864039943355985_n.jpg'),
(66, 146, '7072454752903_471556488997934_8530594461252950966_n.jpg'),
(67, 146, '9817454806609_471556378997945_1103308245201367417_n.jpg'),
(68, 146, '7344454821700_471556462331270_3911051770094867163_n.jpg'),
(69, 146, '5986455031038_471556418997941_6032197479234070887_n.jpg'),
(77, 149, '36931686683008873.png'),
(78, 149, '22551686683008881.png'),
(79, 149, '68291686853728065.png'),
(80, 149, '56211686853728091.png'),
(81, 149, '72171686853728097.png'),
(82, 149, '88601686853728117.png'),
(83, 150, '47011686853728091.png'),
(84, 150, '77841686853728097.png'),
(85, 150, '88871686853728117.png'),
(86, 150, '18811688679785552.jpg'),
(87, 151, '29741701364238769.png'),
(88, 151, '17851702841703552.jpg'),
(89, 151, '52961702841703558.jpg'),
(90, 151, '87851702841703564.jpg'),
(91, 152, '43721686853728091.png'),
(92, 152, '21221686853728097.png'),
(93, 152, '53871686853728117.png'),
(94, 153, '59751722447467139.png'),
(95, 153, '86521722447467146.png'),
(96, 153, '66301722447467151.png'),
(97, 153, '37441722447467155.png'),
(98, 154, '7006380493455_281770137976571_3190932579886886011_n.jpg'),
(99, 154, '7353380607901_281770244643227_6971789080993379148_n.jpg'),
(100, 154, '7959380990864_281770197976565_3355620923857981527_n.jpg'),
(101, 155, '79271686683008873.png'),
(102, 155, '53291686683008881.png'),
(103, 155, '45021686853728065.png'),
(104, 156, '48421701364190868.png'),
(105, 156, '85981701364190874.png'),
(106, 156, '37951701364238736.png'),
(107, 156, '50661701364238756.png'),
(108, 157, '5221380493455_281770137976571_3190932579886886011_n.jpg'),
(109, 157, '9864380607901_281770244643227_6971789080993379148_n.jpg'),
(110, 157, '3263380990864_281770197976565_3355620923857981527_n.jpg'),
(111, 158, '4813380493455_281770137976571_3190932579886886011_n.jpg'),
(112, 158, '2108380607901_281770244643227_6971789080993379148_n.jpg'),
(113, 158, '8672380990864_281770197976565_3355620923857981527_n.jpg'),
(114, 159, '95901701364190868.png'),
(115, 159, '79791701364190874.png'),
(116, 159, '55631701364238736.png'),
(117, 159, '81831701364238756.png'),
(118, 160, '9727380999093_281770291309889_8579864039943355985_n.jpg'),
(119, 160, '2135454752903_471556488997934_8530594461252950966_n.jpg'),
(120, 160, '7045454806609_471556378997945_1103308245201367417_n.jpg'),
(121, 161, '1677380999093_281770291309889_8579864039943355985_n.jpg'),
(122, 161, '7172454752903_471556488997934_8530594461252950966_n.jpg'),
(123, 161, '7998454806609_471556378997945_1103308245201367417_n.jpg'),
(124, 162, '3975380999093_281770291309889_8579864039943355985_n.jpg'),
(125, 162, '4455454752903_471556488997934_8530594461252950966_n.jpg'),
(126, 162, '5931454806609_471556378997945_1103308245201367417_n.jpg'),
(127, 163, '6333380999093_281770291309889_8579864039943355985_n.jpg'),
(128, 163, '2801454752903_471556488997934_8530594461252950966_n.jpg'),
(129, 163, '5254454806609_471556378997945_1103308245201367417_n.jpg'),
(130, 164, '4492380999093_281770291309889_8579864039943355985_n.jpg'),
(131, 164, '3363454752903_471556488997934_8530594461252950966_n.jpg'),
(132, 164, '5023454806609_471556378997945_1103308245201367417_n.jpg'),
(133, 165, '3043380999093_281770291309889_8579864039943355985_n.jpg'),
(134, 165, '5392454752903_471556488997934_8530594461252950966_n.jpg'),
(135, 165, '5251454806609_471556378997945_1103308245201367417_n.jpg'),
(136, 166, '5741380999093_281770291309889_8579864039943355985_n.jpg'),
(137, 166, '4971454752903_471556488997934_8530594461252950966_n.jpg'),
(138, 166, '1352454806609_471556378997945_1103308245201367417_n.jpg'),
(139, 167, '72831686683008873.png'),
(140, 167, '37801686683008881.png'),
(141, 167, '77791686853728065.png'),
(142, 168, '86301686683008873.png'),
(143, 168, '44561686683008881.png'),
(144, 168, '44731686853728065.png'),
(145, 169, '50571686683008873.png'),
(146, 169, '97901686683008881.png'),
(147, 169, '69421686853728065.png'),
(148, 170, '54291686683008873.png'),
(149, 170, '81981686683008881.png'),
(150, 170, '49851686853728065.png'),
(151, 171, '64171686683008873.png'),
(152, 171, '16661686683008881.png'),
(153, 171, '46281686853728065.png'),
(154, 172, '5665380493455_281770137976571_3190932579886886011_n.jpg'),
(155, 172, '8964380607901_281770244643227_6971789080993379148_n.jpg'),
(156, 172, '3403380990864_281770197976565_3355620923857981527_n.jpg'),
(157, 173, '8009380493455_281770137976571_3190932579886886011_n.jpg'),
(158, 173, '3623380607901_281770244643227_6971789080993379148_n.jpg'),
(159, 173, '3591380990864_281770197976565_3355620923857981527_n.jpg'),
(160, 174, '6764380493455_281770137976571_3190932579886886011_n.jpg'),
(161, 174, '5758380607901_281770244643227_6971789080993379148_n.jpg'),
(162, 174, '2830380990864_281770197976565_3355620923857981527_n.jpg'),
(163, 175, '4771380493455_281770137976571_3190932579886886011_n.jpg'),
(164, 175, '2390380607901_281770244643227_6971789080993379148_n.jpg'),
(165, 175, '8842380990864_281770197976565_3355620923857981527_n.jpg'),
(166, 176, '6534380493455_281770137976571_3190932579886886011_n.jpg'),
(167, 176, '1763380607901_281770244643227_6971789080993379148_n.jpg'),
(168, 176, '3694380990864_281770197976565_3355620923857981527_n.jpg'),
(169, 177, '9550380493455_281770137976571_3190932579886886011_n.jpg'),
(170, 177, '2432380607901_281770244643227_6971789080993379148_n.jpg'),
(171, 177, '1017380990864_281770197976565_3355620923857981527_n.jpg'),
(172, 178, '5152380493455_281770137976571_3190932579886886011_n.jpg'),
(173, 178, '6256380607901_281770244643227_6971789080993379148_n.jpg'),
(174, 178, '3308380990864_281770197976565_3355620923857981527_n.jpg'),
(175, 179, '4978380493455_281770137976571_3190932579886886011_n.jpg'),
(176, 179, '4211380607901_281770244643227_6971789080993379148_n.jpg'),
(177, 179, '8707380990864_281770197976565_3355620923857981527_n.jpg'),
(178, 180, '6095380493455_281770137976571_3190932579886886011_n.jpg'),
(179, 180, '6406380607901_281770244643227_6971789080993379148_n.jpg'),
(180, 180, '8123380990864_281770197976565_3355620923857981527_n.jpg'),
(181, 181, '6940380493455_281770137976571_3190932579886886011_n.jpg'),
(182, 181, '8947380607901_281770244643227_6971789080993379148_n.jpg'),
(183, 181, '7001380990864_281770197976565_3355620923857981527_n.jpg'),
(184, 182, '8675380493455_281770137976571_3190932579886886011_n.jpg'),
(185, 182, '5317380607901_281770244643227_6971789080993379148_n.jpg'),
(186, 182, '4873380990864_281770197976565_3355620923857981527_n.jpg'),
(187, 183, '5200380493455_281770137976571_3190932579886886011_n.jpg'),
(188, 183, '4775380607901_281770244643227_6971789080993379148_n.jpg'),
(189, 183, '6134380990864_281770197976565_3355620923857981527_n.jpg'),
(190, 184, '5343380493455_281770137976571_3190932579886886011_n.jpg'),
(191, 184, '8190380607901_281770244643227_6971789080993379148_n.jpg'),
(192, 184, '5041380990864_281770197976565_3355620923857981527_n.jpg'),
(193, 185, '6681380493455_281770137976571_3190932579886886011_n.jpg'),
(194, 185, '3407380607901_281770244643227_6971789080993379148_n.jpg'),
(195, 185, '5313380990864_281770197976565_3355620923857981527_n.jpg'),
(196, 186, '3158380493455_281770137976571_3190932579886886011_n.jpg'),
(197, 186, '4346380607901_281770244643227_6971789080993379148_n.jpg'),
(198, 186, '3748380990864_281770197976565_3355620923857981527_n.jpg'),
(199, 187, '7118380493455_281770137976571_3190932579886886011_n.jpg'),
(200, 187, '9222380607901_281770244643227_6971789080993379148_n.jpg'),
(201, 187, '4314380990864_281770197976565_3355620923857981527_n.jpg'),
(205, 189, '5227380493455_281770137976571_3190932579886886011_n.jpg'),
(206, 189, '8664380607901_281770244643227_6971789080993379148_n.jpg'),
(207, 189, '6259380990864_281770197976565_3355620923857981527_n.jpg'),
(208, 190, '6043380493455_281770137976571_3190932579886886011_n.jpg'),
(209, 190, '6173380607901_281770244643227_6971789080993379148_n.jpg'),
(210, 190, '4442380990864_281770197976565_3355620923857981527_n.jpg'),
(211, 191, '8344380493455_281770137976571_3190932579886886011_n.jpg'),
(212, 191, '8085380607901_281770244643227_6971789080993379148_n.jpg'),
(213, 191, '1087380990864_281770197976565_3355620923857981527_n.jpg'),
(214, 192, '8986380493455_281770137976571_3190932579886886011_n.jpg'),
(215, 192, '7034380607901_281770244643227_6971789080993379148_n.jpg'),
(216, 192, '2813380990864_281770197976565_3355620923857981527_n.jpg'),
(217, 193, '9929380493455_281770137976571_3190932579886886011_n.jpg'),
(218, 193, '1669380607901_281770244643227_6971789080993379148_n.jpg'),
(219, 193, '5771380990864_281770197976565_3355620923857981527_n.jpg'),
(220, 194, '2258380493455_281770137976571_3190932579886886011_n.jpg'),
(221, 194, '4486380607901_281770244643227_6971789080993379148_n.jpg'),
(222, 194, '8048380990864_281770197976565_3355620923857981527_n.jpg'),
(223, 195, '8138380493455_281770137976571_3190932579886886011_n.jpg'),
(224, 195, '6836380607901_281770244643227_6971789080993379148_n.jpg'),
(225, 195, '1507380990864_281770197976565_3355620923857981527_n.jpg'),
(226, 196, '1139380493455_281770137976571_3190932579886886011_n.jpg'),
(227, 196, '1147380607901_281770244643227_6971789080993379148_n.jpg'),
(228, 196, '8063380990864_281770197976565_3355620923857981527_n.jpg'),
(229, 197, '5700380493455_281770137976571_3190932579886886011_n.jpg'),
(230, 197, '3796380607901_281770244643227_6971789080993379148_n.jpg'),
(231, 197, '7095380990864_281770197976565_3355620923857981527_n.jpg'),
(232, 198, '6476380493455_281770137976571_3190932579886886011_n.jpg'),
(233, 198, '4758380607901_281770244643227_6971789080993379148_n.jpg'),
(234, 198, '9732380990864_281770197976565_3355620923857981527_n.jpg'),
(235, 199, '3340380493455_281770137976571_3190932579886886011_n.jpg'),
(236, 199, '6335380607901_281770244643227_6971789080993379148_n.jpg'),
(237, 199, '1915380990864_281770197976565_3355620923857981527_n.jpg'),
(238, 200, '5012380493455_281770137976571_3190932579886886011_n.jpg'),
(239, 200, '1957380607901_281770244643227_6971789080993379148_n.jpg'),
(240, 200, '1256380990864_281770197976565_3355620923857981527_n.jpg'),
(241, 201, '8280380493455_281770137976571_3190932579886886011_n.jpg'),
(242, 201, '4736380607901_281770244643227_6971789080993379148_n.jpg'),
(243, 201, '7559380990864_281770197976565_3355620923857981527_n.jpg'),
(244, 202, '1044380493455_281770137976571_3190932579886886011_n.jpg'),
(245, 202, '3223380607901_281770244643227_6971789080993379148_n.jpg'),
(246, 202, '8267380990864_281770197976565_3355620923857981527_n.jpg'),
(247, 203, '1281380493455_281770137976571_3190932579886886011_n.jpg'),
(248, 203, '2532380607901_281770244643227_6971789080993379148_n.jpg'),
(249, 203, '3256380990864_281770197976565_3355620923857981527_n.jpg'),
(250, 204, '1699380493455_281770137976571_3190932579886886011_n.jpg'),
(251, 204, '5860380607901_281770244643227_6971789080993379148_n.jpg'),
(252, 204, '9126380990864_281770197976565_3355620923857981527_n.jpg'),
(253, 205, '4858380493455_281770137976571_3190932579886886011_n.jpg'),
(254, 205, '4427380607901_281770244643227_6971789080993379148_n.jpg'),
(255, 205, '3499380990864_281770197976565_3355620923857981527_n.jpg'),
(256, 206, '6954380493455_281770137976571_3190932579886886011_n.jpg'),
(257, 206, '3633380607901_281770244643227_6971789080993379148_n.jpg'),
(258, 206, '6136380990864_281770197976565_3355620923857981527_n.jpg'),
(259, 207, '3528380493455_281770137976571_3190932579886886011_n.jpg'),
(260, 207, '9154380607901_281770244643227_6971789080993379148_n.jpg'),
(261, 207, '6793380990864_281770197976565_3355620923857981527_n.jpg'),
(262, 208, '9488380493455_281770137976571_3190932579886886011_n.jpg'),
(263, 208, '7198380607901_281770244643227_6971789080993379148_n.jpg'),
(264, 208, '4343380990864_281770197976565_3355620923857981527_n.jpg'),
(265, 209, '1702380493455_281770137976571_3190932579886886011_n.jpg'),
(266, 209, '4974380607901_281770244643227_6971789080993379148_n.jpg'),
(267, 209, '5982380990864_281770197976565_3355620923857981527_n.jpg'),
(271, 211, '3457380493455_281770137976571_3190932579886886011_n.jpg'),
(272, 211, '6433380607901_281770244643227_6971789080993379148_n.jpg'),
(273, 211, '9983380990864_281770197976565_3355620923857981527_n.jpg'),
(274, 212, '1495380493455_281770137976571_3190932579886886011_n.jpg'),
(275, 212, '7211380607901_281770244643227_6971789080993379148_n.jpg'),
(276, 212, '4545380990864_281770197976565_3355620923857981527_n.jpg'),
(277, 213, '2096380493455_281770137976571_3190932579886886011_n.jpg'),
(278, 213, '3527380607901_281770244643227_6971789080993379148_n.jpg'),
(279, 213, '8583380990864_281770197976565_3355620923857981527_n.jpg'),
(280, 214, '8033380493455_281770137976571_3190932579886886011_n.jpg'),
(281, 214, '8397380607901_281770244643227_6971789080993379148_n.jpg'),
(282, 214, '6862380990864_281770197976565_3355620923857981527_n.jpg'),
(283, 215, '9742380493455_281770137976571_3190932579886886011_n.jpg'),
(284, 215, '2908380607901_281770244643227_6971789080993379148_n.jpg'),
(285, 215, '8322380990864_281770197976565_3355620923857981527_n.jpg'),
(286, 216, '3588380493455_281770137976571_3190932579886886011_n.jpg'),
(287, 216, '3245380607901_281770244643227_6971789080993379148_n.jpg'),
(288, 216, '2897380990864_281770197976565_3355620923857981527_n.jpg'),
(289, 217, '8102380493455_281770137976571_3190932579886886011_n.jpg'),
(290, 217, '9976380607901_281770244643227_6971789080993379148_n.jpg'),
(291, 217, '3102380990864_281770197976565_3355620923857981527_n.jpg'),
(292, 218, '7952380493455_281770137976571_3190932579886886011_n.jpg'),
(293, 218, '5160380607901_281770244643227_6971789080993379148_n.jpg'),
(294, 218, '6200380990864_281770197976565_3355620923857981527_n.jpg'),
(298, 220, '9563380493455_281770137976571_3190932579886886011_n.jpg'),
(299, 220, '6119380607901_281770244643227_6971789080993379148_n.jpg'),
(300, 220, '9152380990864_281770197976565_3355620923857981527_n.jpg'),
(301, 221, '8193380493455_281770137976571_3190932579886886011_n.jpg'),
(302, 221, '8213380607901_281770244643227_6971789080993379148_n.jpg'),
(303, 221, '5758380990864_281770197976565_3355620923857981527_n.jpg'),
(304, 222, '2914380493455_281770137976571_3190932579886886011_n.jpg'),
(305, 222, '7122380607901_281770244643227_6971789080993379148_n.jpg'),
(306, 222, '8908380990864_281770197976565_3355620923857981527_n.jpg'),
(307, 223, '4578380493455_281770137976571_3190932579886886011_n.jpg'),
(308, 223, '6857380607901_281770244643227_6971789080993379148_n.jpg'),
(309, 223, '3110380990864_281770197976565_3355620923857981527_n.jpg'),
(310, 224, '2341380493455_281770137976571_3190932579886886011_n.jpg'),
(311, 224, '2779380607901_281770244643227_6971789080993379148_n.jpg'),
(312, 224, '7137380990864_281770197976565_3355620923857981527_n.jpg'),
(313, 225, '3527380493455_281770137976571_3190932579886886011_n.jpg'),
(314, 225, '3068380607901_281770244643227_6971789080993379148_n.jpg'),
(315, 225, '4651380990864_281770197976565_3355620923857981527_n.jpg'),
(316, 226, '3181380493455_281770137976571_3190932579886886011_n.jpg'),
(317, 226, '8548380607901_281770244643227_6971789080993379148_n.jpg'),
(318, 226, '6734380990864_281770197976565_3355620923857981527_n.jpg'),
(325, 229, '9075380493455_281770137976571_3190932579886886011_n.jpg'),
(326, 229, '9643380607901_281770244643227_6971789080993379148_n.jpg'),
(327, 229, '6756380990864_281770197976565_3355620923857981527_n.jpg'),
(328, 230, '31291686683008873.png'),
(329, 230, '33711686683008881.png'),
(330, 230, '14811686853728065.png'),
(331, 230, '84671686853728074.png'),
(332, 230, '69831686853728080.png'),
(333, 231, '9078380999093_281770291309889_8579864039943355985_n.jpg'),
(334, 231, '7300454752903_471556488997934_8530594461252950966_n.jpg'),
(335, 231, '9182454806609_471556378997945_1103308245201367417_n.jpg'),
(336, 231, '7768454821700_471556462331270_3911051770094867163_n.jpg'),
(345, 234, '2414454752903_471556488997934_8530594461252950966_n.jpg'),
(346, 234, '6073454806609_471556378997945_1103308245201367417_n.jpg'),
(347, 234, '4233454821700_471556462331270_3911051770094867163_n.jpg'),
(348, 234, '8852455031038_471556418997941_6032197479234070887_n.jpg'),
(349, 238, '6962380493455_281770137976571_3190932579886886011_n.jpg'),
(350, 238, '2539380607901_281770244643227_6971789080993379148_n.jpg'),
(351, 238, '9882380990864_281770197976565_3355620923857981527_n.jpg'),
(371, 246, '8379380990864_281770197976565_3355620923857981527_n.jpg'),
(372, 247, '3942454752903_471556488997934_8530594461252950966_n.jpg'),
(373, 247, '6174454806609_471556378997945_1103308245201367417_n.jpg'),
(374, 247, '9506454821700_471556462331270_3911051770094867163_n.jpg'),
(375, 247, '8556455031038_471556418997941_6032197479234070887_n.jpg');

-- --------------------------------------------------------

--
-- Table structure for table `products`
--

CREATE TABLE `products` (
  `id` int(11) NOT NULL,
  `user_id` int(11) NOT NULL,
  `date_created` int(50) NOT NULL,
  `name` varchar(255) NOT NULL,
  `source` varchar(255) NOT NULL,
  `rating` int(6) NOT NULL,
  `price` int(50) NOT NULL,
  `descreption` varchar(255) NOT NULL,
  `main_img` varchar(255) NOT NULL,
  `uses` tinyint(1) NOT NULL,
  `status` tinyint(1) NOT NULL,
  `active` tinyint(1) NOT NULL
) ENGINE=InnoDB DEFAULT CHARSET=utf8;

--
-- Dumping data for table `products`
--

INSERT INTO `products` (`id`, `user_id`, `date_created`, `name`, `source`, `rating`, `price`, `descreption`, `main_img`, `uses`, `status`, `active`) VALUES
(2, 4, 1734545274, 'مكبر الشاشة الجوال ثلاثي الأبعاد مع سماعة\n', 'https://www.facebook.com/', 4, 70, 'هنالك العديد من الأنواع المتوفرة لنصوص لوريم إيبسوم، ولكن الغالبية تم تعديلها بشكل ما عبر إدخال بعض النوادر أو الكلمات العشوائية إلى النص...\n\n', '2577454821700_471556462331270_3911051770094867163_n.jpg', 1, 1, 1),
(3, 4, 1734545476, 'p1', 'https://www.google.com/', 2, 20, 'oijvbiob jiojiojiot', '4288454821700_471556462331270_3911051770094867163_n.jpg', 1, 1, 1),
(4, 9, 1734545558, 'p11', 'https://www.facebook.com/', 3, 20, 'oijvbiob jiojiojiot', '1206380607901_281770244643227_6971789080993379148_n.jpg', 0, 2, 1),
(5, 9, 1734546955, 'p12', 'https://www.facebook.com/', 3, 20, 'oijvbiob jiojiojiot', '9273380607901_281770244643227_6971789080993379148_n.jpg', 0, 1, 0),
(6, 4, 1734547067, 'p1', 'https://www.facebook.com/', 3, 45, 'oijvbiob jiojiojiot', '8478380607901_281770244643227_6971789080993379148_n.jpg', 0, 1, 1),
(7, 4, 1734547071, 'p1', 'https://www.facebook.com/', 3, 20, 'oijvbiob jiojiojiot', '4002380607901_281770244643227_6971789080993379148_n.jpg', 0, 1, 1),
(11, 4, 1735315916, 'test', 'https://www.facebook.com/', 3, 20, 'jkhjkhjkhjkbjkhkhk', '8955454806609_471556378997945_1103308245201367417_n.jpg', 1, 1, 1);

-- --------------------------------------------------------

--
-- Table structure for table `products_images`
--

CREATE TABLE `products_images` (
  `id` int(11) NOT NULL,
  `product_id` int(11) NOT NULL,
  `image` varchar(255) NOT NULL
) ENGINE=InnoDB DEFAULT CHARSET=utf8;

--
-- Dumping data for table `products_images`
--

INSERT INTO `products_images` (`id`, `product_id`, `image`) VALUES
(4, 10, '54251686683008873.png'),
(5, 10, '53641686683008881.png'),
(6, 10, '19821701364238736.png'),
(7, 10, '90371701364238756.png'),
(8, 10, '70551701364238769.png'),
(9, 10, '63681702841703552.jpg'),
(10, 10, '65951702841703558.jpg'),
(11, 10, '73601702841703564.jpg'),
(12, 11, '26711722447467139.png'),
(13, 11, '87161722447467146.png'),
(14, 11, '99831722447467151.png'),
(15, 11, '72621722447467155.png'),
(17, 13, '65111686683008873.png'),
(18, 13, '80201686683008881.png'),
(19, 13, '92281686853728065.png'),
(20, 13, '25121686853728091.png'),
(21, 13, '30531686853728097.png'),
(22, 13, '43971686853728117.png');

-- --------------------------------------------------------

--
-- Table structure for table `rating`
--

CREATE TABLE `rating` (
  `id` int(11) NOT NULL,
  `user_id` int(11) NOT NULL,
  `item_id` int(11) NOT NULL,
  `date_created` int(50) NOT NULL,
  `rate` int(10) NOT NULL,
  `notes` varchar(500) NOT NULL,
  `type` text NOT NULL
) ENGINE=InnoDB DEFAULT CHARSET=utf8;

--
-- Dumping data for table `rating`
--

INSERT INTO `rating` (`id`, `user_id`, `item_id`, `date_created`, `rate`, `notes`, `type`) VALUES
(5, 4, 148, 2147483647, 4, 'هنالك العديد من الأنواع المتوفرة لنصوص لوريم إيبسوم، ولكن الغالبية تم تعديلها بشكل ما عبر إدخال بعض النوادر أو الكلمات العشوائية إلى النص...', 'page'),
(7, 4, 139, 2147483647, 1, 'لا شيئ', 'page'),
(8, 8, 148, 2147483647, 5, 'mrmrmrmrmrmrmr', 'page'),
(10, 4, 146, 2147483647, 3, '123456789', 'page'),
(11, 4, 139, 2147483647, 2, 'very bad', 'page'),
(12, 9, 149, 2147483647, 2, 'ygyugyu', 'page'),
(19, 4, 9, 1735333714, 4, 'hhhhhhhhhhhhhhhaaaaaaaaaa', 'product'),
(20, 4, 238, 1735333763, 4, 'jegrhguerhguie', 'page'),
(21, 4, 9, 1735335016, 1, 'yufyufyuuyfyufuyfuyf', 'product'),
(23, 4, 9, 1735336025, 3, 'mnmnmnmnmnmnmnvvvvv', 'product'),
(24, 4, 238, 1735336424, 3, 'sslkfjshvbsdhohsois', 'page'),
(25, 4, 139, 1735847077, 3, 'oweitiowetjioweo', 'page'),
(28, 4, 16, 1740138908, 4, 'ABCABCABC ABCABCABC ABCABCABC ABCABCABAC', 'broker'),
(29, 4, 16, 1740144473, 3, 'hjghjgyugyuguygyu', 'broker'),
(30, 4, 16, 1740144718, 3, 'ytfytftydytftyfty', 'broker'),
(31, 4, 16, 1740144782, 5, 'ygugyuu', 'broker'),
(32, 16, 8, 1740165870, 2, 'iuyiyuiyuyi', 'broker'),
(33, 4, 230, 1740600918, 4, 'بنبزتبتينبنبنبت', 'page'),
(34, 4, 247, 1740691193, 4, 'ناالل', 'page'),
(35, 4, 2, 1742597243, 4, 'gfftyfyfty', 'product'),
(36, 4, 139, 1743784658, 5, '123456789123456789', 'page'),
(37, 4, 139, 1743784991, 2, 'test test test', 'page'),
(38, 4, 152, 1743785079, 3, 'opopopopop', 'page');

-- --------------------------------------------------------

--
-- Table structure for table `sites`
--

CREATE TABLE `sites` (
  `id` int(11) NOT NULL,
  `name_ar` varchar(100) NOT NULL,
  `name_en` varchar(100) NOT NULL,
  `url` varchar(255) NOT NULL,
  `descreption` varchar(255) NOT NULL,
  `logo` varchar(500) NOT NULL,
  `date_created` int(100) NOT NULL,
  `active` tinyint(1) NOT NULL
) ENGINE=InnoDB DEFAULT CHARSET=utf8;

--
-- Dumping data for table `sites`
--

INSERT INTO `sites` (`id`, `name_ar`, `name_en`, `url`, `descreption`, `logo`, `date_created`, `active`) VALUES
(14, 'علي بابا', 'Alibaba', 'https://sale.alibaba.com', 'علي بابا (Alibaba.com)‏ هو أكبر وأهم موقع صيني للتجارة الإلكترونية، والموقع متخصص في تداول المبيعات على شبكة الإنترنت للشركات من جميع أنحاء العالم وبلغات متعددة.', '2255.png', 1736544742, 1),
(19, 'علي اكسبريس', 'AliExpress', 'https://ar.aliexpress.com', 'علي إكسبريس (AliExpress.com) هو موقع متخصص في التجارة الإلكترونية عبر الإنترنت تابع لمجموعة علي بابا الصينية المتخصصة في بيع المنتجات بأسعار الجملة للتجار (B2B) والأفراد (B2C) في جميع أنحاء العالم ، من أشهر منتوجاته الأكثر مبيعاً الإلكترونيات، الأزياء وإك', '1155.png', 1736545402, 1),
(30, 'تيمو', 'Temu', 'https://www.temu.com/', 'kjhjkhjjk', '68174455.png', 1736885200, 1),
(31, 'شي ان', 'Shein', 'https://us.shein.com/', 'شي إن هو متجر تجزئة صيني للأزياء عبر الإنترنت. تأسس من قبل كريس شو في غوانزو في عام 2008. تشتهر الشركة بملابسها ذات الأسعار المعقولة. في المراحل الأولى، كان موقع شي إن عبارة عن شركة إحالة شحن أكثر من كونها تاجر تجزئة. لم تشارك الشركة في تصميم الملابس وتصن', '96353355.png', 1737325060, 1);

-- --------------------------------------------------------

--
-- Table structure for table `social`
--

CREATE TABLE `social` (
  `id` int(11) NOT NULL,
  `broker_id` int(11) NOT NULL,
  `url` varchar(255) NOT NULL,
  `type` varchar(50) NOT NULL
) ENGINE=InnoDB DEFAULT CHARSET=utf8;

--
-- Dumping data for table `social`
--

INSERT INTO `social` (`id`, `broker_id`, `url`, `type`) VALUES
(21, 23, 'https://www.facebook.com/', 'fa-facebook-square'),
(22, 23, 'https://www.instagram.com/', 'fa-instagram'),
(23, 23, 'https://www.snapchat.com/', 'fa-snapchat'),
(24, 24, 'https://www.facebook.com/', 'fa-facebook-square'),
(25, 24, 'https://www.instagram.com/', 'fa-instagram'),
(26, 28, 'https://www.facebook.com/', 'fa-facebook-square');

-- --------------------------------------------------------

--
-- Table structure for table `subscribe`
--

CREATE TABLE `subscribe` (
  `id` int(11) NOT NULL,
  `user_id` int(11) NOT NULL,
  `name` varchar(100) NOT NULL,
  `period` int(10) NOT NULL,
  `pay_method` varchar(50) NOT NULL,
  `total` text NOT NULL,
  `start` datetime(6) NOT NULL,
  `end` datetime(6) NOT NULL,
  `images` varchar(255) NOT NULL,
  `status` tinyint(1) NOT NULL,
  `active` tinyint(1) NOT NULL
) ENGINE=InnoDB DEFAULT CHARSET=utf8;

--
-- Dumping data for table `subscribe`
--

INSERT INTO `subscribe` (`id`, `user_id`, `name`, `period`, `pay_method`, `total`, `start`, `end`, `images`, `status`, `active`) VALUES
(82, 9, 'MR', 3, 'jawwal', '50', '2025-03-20 23:46:54.000000', '2025-06-20 23:46:54.000000', '36239849ccc.jpg', 1, 1),
(87, 8, 'محمد ربعي', 1, 'jawwal', '200', '2025-03-25 01:40:54.000000', '2026-03-25 01:40:54.000000', '36681008cc.jpg', 1, 1);

-- --------------------------------------------------------

--
-- Table structure for table `users`
--

CREATE TABLE `users` (
  `id` int(11) NOT NULL,
  `username` varchar(100) NOT NULL,
  `email` varchar(100) NOT NULL,
  `phone` text NOT NULL,
  `password` varchar(255) NOT NULL,
  `city` varchar(100) NOT NULL,
  `address` varchar(100) NOT NULL,
  `gender` text NOT NULL,
  `avatar` varchar(255) NOT NULL,
  `role` text NOT NULL,
  `created_at` int(50) NOT NULL,
  `date_updated` int(50) NOT NULL,
  `code` int(10) NOT NULL,
  `online` tinyint(1) NOT NULL,
  `active` tinyint(1) NOT NULL
) ENGINE=InnoDB DEFAULT CHARSET=utf8;

--
-- Dumping data for table `users`
--

INSERT INTO `users` (`id`, `username`, `email`, `phone`, `password`, `city`, `address`, `gender`, `avatar`, `role`, `created_at`, `date_updated`, `code`, `online`, `active`) VALUES
(4, 'Muhammad', 'muhammad17rabai98@gmail.com', '0597804918', '25f9e794323b453885f5181f1b624d0b', 'الخليل', 'دورا-كنار', 'male', './images/avatar/7957images (1).png', 'admin', 2147483647, 1745008309, 0, 0, 1),
(8, 'محمد ربعي', 'muhammad11rabai@gmail.com', '0597224233', 'e10adc3949ba59abbe56e057f20f883e', 'رام الله', 'westbank/hebron/dura', 'female', 'icons/user.jpg', 'member', 2147483647, 1744974081, 0, 0, 1),
(9, 'MR', 'muhammad@gmail.com', '1234567890', 'e10adc3949ba59abbe56e057f20f883e', 'القدس', 'جبل المكبر', 'male', './images/avatar/9796157754859419801.png', 'member', 2147483647, 1745347832, 0, 1, 1),
(16, 'test1', 'ewtrwetwe@gmail.com', '1231231230', 'e10adc3949ba59abbe56e057f20f883e', 'طولكرم', 'الخليل', 'male', 'icons/user.jpg', 'member', 2147483647, 1744835622, 0, 0, 1);

--
-- Indexes for dumped tables
--

--
-- Indexes for table `brokers`
--
ALTER TABLE `brokers`
  ADD PRIMARY KEY (`id`);

--
-- Indexes for table `broker_sites`
--
ALTER TABLE `broker_sites`
  ADD PRIMARY KEY (`id`);

--
-- Indexes for table `chat`
--
ALTER TABLE `chat`
  ADD PRIMARY KEY (`id`);

--
-- Indexes for table `contact`
--
ALTER TABLE `contact`
  ADD PRIMARY KEY (`id`);

--
-- Indexes for table `devices`
--
ALTER TABLE `devices`
  ADD PRIMARY KEY (`id`);

--
-- Indexes for table `favorate`
--
ALTER TABLE `favorate`
  ADD PRIMARY KEY (`id`);

--
-- Indexes for table `notifications`
--
ALTER TABLE `notifications`
  ADD PRIMARY KEY (`id`);

--
-- Indexes for table `order_notes`
--
ALTER TABLE `order_notes`
  ADD PRIMARY KEY (`id`);

--
-- Indexes for table `pages`
--
ALTER TABLE `pages`
  ADD PRIMARY KEY (`id`);

--
-- Indexes for table `page_images`
--
ALTER TABLE `page_images`
  ADD PRIMARY KEY (`id`);

--
-- Indexes for table `products`
--
ALTER TABLE `products`
  ADD PRIMARY KEY (`id`);

--
-- Indexes for table `products_images`
--
ALTER TABLE `products_images`
  ADD PRIMARY KEY (`id`);

--
-- Indexes for table `rating`
--
ALTER TABLE `rating`
  ADD PRIMARY KEY (`id`);

--
-- Indexes for table `sites`
--
ALTER TABLE `sites`
  ADD PRIMARY KEY (`id`);

--
-- Indexes for table `social`
--
ALTER TABLE `social`
  ADD PRIMARY KEY (`id`);

--
-- Indexes for table `subscribe`
--
ALTER TABLE `subscribe`
  ADD PRIMARY KEY (`id`);

--
-- Indexes for table `users`
--
ALTER TABLE `users`
  ADD PRIMARY KEY (`id`);

--
-- AUTO_INCREMENT for dumped tables
--

--
-- AUTO_INCREMENT for table `brokers`
--
ALTER TABLE `brokers`
  MODIFY `id` int(11) NOT NULL AUTO_INCREMENT, AUTO_INCREMENT=29;
--
-- AUTO_INCREMENT for table `broker_sites`
--
ALTER TABLE `broker_sites`
  MODIFY `id` int(11) NOT NULL AUTO_INCREMENT, AUTO_INCREMENT=48;
--
-- AUTO_INCREMENT for table `chat`
--
ALTER TABLE `chat`
  MODIFY `id` int(11) NOT NULL AUTO_INCREMENT, AUTO_INCREMENT=140;
--
-- AUTO_INCREMENT for table `contact`
--
ALTER TABLE `contact`
  MODIFY `id` int(11) NOT NULL AUTO_INCREMENT, AUTO_INCREMENT=11;
--
-- AUTO_INCREMENT for table `devices`
--
ALTER TABLE `devices`
  MODIFY `id` int(11) NOT NULL AUTO_INCREMENT, AUTO_INCREMENT=45;
--
-- AUTO_INCREMENT for table `favorate`
--
ALTER TABLE `favorate`
  MODIFY `id` int(11) NOT NULL AUTO_INCREMENT, AUTO_INCREMENT=175;
--
-- AUTO_INCREMENT for table `notifications`
--
ALTER TABLE `notifications`
  MODIFY `id` int(11) NOT NULL AUTO_INCREMENT, AUTO_INCREMENT=263;
--
-- AUTO_INCREMENT for table `order_notes`
--
ALTER TABLE `order_notes`
  MODIFY `id` int(11) NOT NULL AUTO_INCREMENT, AUTO_INCREMENT=122;
--
-- AUTO_INCREMENT for table `pages`
--
ALTER TABLE `pages`
  MODIFY `id` int(11) NOT NULL AUTO_INCREMENT, AUTO_INCREMENT=248;
--
-- AUTO_INCREMENT for table `page_images`
--
ALTER TABLE `page_images`
  MODIFY `id` int(11) NOT NULL AUTO_INCREMENT, AUTO_INCREMENT=376;
--
-- AUTO_INCREMENT for table `products`
--
ALTER TABLE `products`
  MODIFY `id` int(11) NOT NULL AUTO_INCREMENT, AUTO_INCREMENT=12;
--
-- AUTO_INCREMENT for table `products_images`
--
ALTER TABLE `products_images`
  MODIFY `id` int(11) NOT NULL AUTO_INCREMENT, AUTO_INCREMENT=23;
--
-- AUTO_INCREMENT for table `rating`
--
ALTER TABLE `rating`
  MODIFY `id` int(11) NOT NULL AUTO_INCREMENT, AUTO_INCREMENT=39;
--
-- AUTO_INCREMENT for table `sites`
--
ALTER TABLE `sites`
  MODIFY `id` int(11) NOT NULL AUTO_INCREMENT, AUTO_INCREMENT=32;
--
-- AUTO_INCREMENT for table `social`
--
ALTER TABLE `social`
  MODIFY `id` int(11) NOT NULL AUTO_INCREMENT, AUTO_INCREMENT=27;
--
-- AUTO_INCREMENT for table `subscribe`
--
ALTER TABLE `subscribe`
  MODIFY `id` int(11) NOT NULL AUTO_INCREMENT, AUTO_INCREMENT=88;
--
-- AUTO_INCREMENT for table `users`
--
ALTER TABLE `users`
  MODIFY `id` int(11) NOT NULL AUTO_INCREMENT, AUTO_INCREMENT=17;
/*!40101 SET CHARACTER_SET_CLIENT=@OLD_CHARACTER_SET_CLIENT */;
/*!40101 SET CHARACTER_SET_RESULTS=@OLD_CHARACTER_SET_RESULTS */;
/*!40101 SET COLLATION_CONNECTION=@OLD_COLLATION_CONNECTION */;
